{"stats":{"minecraft:used":{"minecraft:bread":1},"minecraft:picked_up":{"minecraft:wheat":101,"minecraft:rotten_flesh":1,"minecraft:composter":2,"minecraft:wheat_seeds":289,"minecraft:golden_apple":1,"minecraft:coal":5},"minecraft:mined":{"minecraft:wheat":111,"minecraft:tall_grass":1,"minecraft:composter":2},"minecraft:custom":{"minecraft:time_since_rest":6427,"minecraft:play_time":6427,"minecraft:crouch_one_cm":58,"lootr:looted_stat":3,"minecraft:sprint_one_cm":26377,"minecraft:damage_taken":30,"minecraft:walk_one_cm":5689,"minecraft:sneak_time":9,"minecraft:jump":122,"minecraft:leave_game":1,"minecraft:time_since_death":6427,"minecraft:total_world_time":6427,"minecraft:climb_one_cm":71,"minecraft:fall_one_cm":2928,"minecraft:fly_one_cm":32820}},"DataVersion":3465}